round	viremic-pt-rtK103N_n	viremic-pt-rtK103N_obs	viremic-pt-rtK103N_Prev. % (95% CI)	viremic-pt-rtK103N_Prev. ratio (95% CI)	viremic-pt-rtK103N_p-value	viremic-pt-rtK103N_spacer	viremic-pt-inT97A_obs	viremic-pt-inT97A_Prev. % (95% CI)	viremic-pt-inT97A_Prev. ratio (95% CI)	viremic-pt-inT97A_p-value	viremic-pt-inT97A_spacer	viremic-pt-inS153Y_obs	viremic-pt-inS153Y_Prev. % (95% CI)	viremic-pt-inS153Y_Prev. ratio (95% CI)	viremic-pt-inS153Y_p-value	viremic-pt-inS153Y_spacer	viremic-pt-rtE138A_obs	viremic-pt-rtE138A_Prev. % (95% CI)	viremic-pt-rtE138A_Prev. ratio (95% CI)	viremic-pt-rtE138A_p-value	viremic-pt-rtE138A_spacer	viremic-pt-prL23I_obs	viremic-pt-prL23I_Prev. % (95% CI)	viremic-pt-prL23I_Prev. ratio (95% CI)	viremic-pt-prL23I_p-value	viremic-pt-prL23I_spacer	viremic-pt-prL33F_obs	viremic-pt-prL33F_Prev. % (95% CI)	viremic-pt-prL33F_Prev. ratio (95% CI)	viremic-pt-prL33F_p-value	viremic-pt-prL33F_spacer	viremic-pt-prG73V_obs	viremic-pt-prG73V_Prev. % (95% CI)	viremic-pt-prG73V_Prev. ratio (95% CI)	viremic-pt-prG73V_p-value	viremic-pt-prG73V_spacer	viremic-pt-rtF77L_obs	viremic-pt-rtF77L_Prev. % (95% CI)	viremic-pt-rtF77L_Prev. ratio (95% CI)	viremic-pt-rtF77L_p-value	viremic-pt-rtF77L_spacer	viremic-pt-rtG190A_obs	viremic-pt-rtG190A_Prev. % (95% CI)	viremic-pt-rtG190A_Prev. ratio (95% CI)	viremic-pt-rtG190A_p-value	viremic-pt-rtG190A_spacer	viremic-pt-rtM41L_obs	viremic-pt-rtM41L_Prev. % (95% CI)	viremic-pt-rtM41L_Prev. ratio (95% CI)	viremic-pt-rtM41L_p-value	viremic-pt-rtM41L_spacer	round_mid_date
15			1.9 (0.8, 4.5)			 		6.4 (4, 10.2)			 		0 (NA, NA)			 		1.9 (0.8, 4.5)			 		0 (0, Inf)			 		1.2 (0.4, 3.6)			 		0 (0, Inf)			 		0 (NA, NA)			 		0.9 (0.2, 3.4)			 		1.5 (0.6, 4)			 	2012-04-03T00:00:00Z
16			2.9 (1.7, 4.8)			 		9.6 (7.3, 12.6)			 		0 (0, 0)			 		3.3 (2.1, 5.3)			 		0.2 (0, 1.3)			 		1.4 (0.7, 3.1)			 		0 (0, 0)			 		0 (0, 0)			 		1 (0.4, 2.5)			 		1 (0.4, 2.5)			 	2014-04-07T00:00:00Z
17			3.9 (2.7, 5.7)			 		9.3 (7.4, 11.7)			 		0 (0, 0)			 		3.7 (2.5, 5.4)			 		0 (0, 0)			 		1 (0.5, 2.1)			 		0 (0, 0)			 		0 (0, 0)			 		0.8 (0.4, 1.9)			 		2.3 (1.4, 3.7)			 	2015-11-03T00:00:00Z
18			7 (5, 9.7)			 		10.2 (7.8, 13.3)			 		0 (0, 0)			 		2.5 (1.4, 4.4)			 		0 (0, 0)			 		1.7 (0.9, 3.4)			 		0 (0, 0)			 		0 (0, 0)			 		0.9 (0.3, 2.3)			 		2.2 (1.2, 4)			 	2017-07-17T00:00:00Z
19			7.5 (4.7, 12)			 		13.7 (10, 18.9)			 		0 (0, 0)			 		4.2 (2.3, 7.7)			 		0 (0, 0)			 		2 (0.9, 4.9)			 		0 (0, 0)			 		0 (0, 0)			 		1.3 (0.4, 3.9)			 		3.4 (1.7, 6.7)			 	2019-06-20T00:00:00Z
20			10.2 (6.2, 17)			 		7 (3.8, 12.8)			 		7.8 (4.3, 14.2)			 		5.4 (2.6, 11.1)			 		4.9 (2.2, 10.8)			 		3.5 (1.5, 8.3)			 		4.1 (1.7, 10)			 		2.7 (0.9, 8.5)			 		2.4 (0.8, 7.3)			 		2.5 (0.8, 7.7)			 	2022-03-04T00:00:00Z
15	1,223	 5 (0.4%)		ref	ref	 	17 (1.4%)		ref	ref	 	 0 (0%)		ref	ref	 	 5 (0.4%)		ref	ref	 	 0 (0%)		ref	ref	 	 3 (0.2%)		ref	ref	 	 0 (0%)		ref	ref	 	 0 (0%)		ref	ref	 	 2 (0.2%)		ref	ref	 	 4 (0.3%)		ref	ref	 	
16	1,308	15 (1.1%)		1.56 (0.59, 4.13)	0.37	 	49 (3.7%)		1.49 (0.89, 2.48)	0.13	 	 0 (0%)		446623719450316608 (391039645619831168, 510108754981745664)	<0.0001	 	18 (1.4%)		1.75 (0.73, 4.21)	0.21	 	 1 (0.1%)		3320969766731637772517376 (0, Inf)	1	 	 7 (0.5%)		1.24 (0.37, 4.17)	0.73	 	 0 (0%)		1634.48 (0, Inf)	1	 	 0 (0%)		651.89 (572.79, 741.9)	<0.0001	 	 5 (0.4%)		1.2 (0.3, 4.8)	0.8	 	 5 (0.4%)		0.67 (0.19, 2.29)	0.52	 	
17	  838	27 (3.2%)		2.1 (0.81, 5.42)	0.13	 	65 (7.8%)		1.45 (0.87, 2.43)	0.16	 	 0 (0%)		446623719450326144 (421257888521802880, 473516941072830720)	<0.0001	 	26 (3.1%)		1.97 (0.79, 4.94)	0.15	 	 0 (0%)		1883543.34 (0, Inf)	1	 	 7 (0.8%)		0.86 (0.22, 3.32)	0.82	 	 0 (0%)		1634.48 (0, Inf)	1	 	 0 (0%)		651.89 (590.09, 720.15)	<0.0001	 	 6 (0.7%)		0.98 (0.2, 4.82)	0.98	 	16 (1.9%)		1.52 (0.51, 4.52)	0.46	 	
18	  514	33 (6.4%)		3.74 (1.47, 9.52)	0.0056	 	48 (9.3%)		1.59 (0.93, 2.72)	0.091	 	 0 (0%)		446623719450342016 (417881321666316352, 477343055153203008)	<0.0001	 	12 (2.3%)		1.35 (0.48, 3.81)	0.57	 	 0 (0%)		1883543.34 (0, Inf)	1	 	 8 (1.6%)		1.49 (0.4, 5.64)	0.55	 	 0 (0%)		1634.48 (0, Inf)	1	 	 0 (0%)		651.89 (583.47, 728.32)	<0.0001	 	 4 (0.8%)		0.99 (0.18, 5.34)	0.99	 	10 (1.9%)		1.42 (0.45, 4.52)	0.55	 	
19	  294	17 (5.8%)		4.04 (1.5, 10.85)	0.0056	 	33 (11.2%)		2.14 (1.22, 3.76)	0.0083	 	 0 (0%)		446623719450329344 (395258875215724416, 504663549089892608)	<0.0001	 	10 (3.4%)		2.24 (0.77, 6.52)	0.14	 	 0 (0%)		1883543.34 (0, Inf)	1	 	 5 (1.7%)		1.76 (0.42, 7.37)	0.44	 	 0 (0%)		1634.48 (0, Inf)	1	 	 0 (0%)		651.89 (563.78, 753.76)	<0.0001	 	 3 (1%)		1.46 (0.25, 8.69)	0.67	 	 8 (2.7%)		2.24 (0.68, 7.4)	0.18	 	
20	  170	14 (8.2%)		5.49 (2, 15.06)	0.00095	 	10 (5.9%)		1.09 (0.51, 2.34)	0.83	 	10 (5.9%)		90279158907285446216620831824085516288 (50071867541961976487668947132358852608, 162772569370947390571746004166902808576)	<0.0001	 	 7 (4.1%)		2.86 (0.92, 8.92)	0.07	 	 6 (3.5%)		87204318553398182164824064 (0, Inf)	1	 	 5 (2.9%)		3.04 (0.73, 12.68)	0.13	 	 5 (2.9%)		174417422916639640256512 (0, Inf)	1	 	 3 (1.8%)		124629756703182038237184 (40014570305013076197376, 388173011418003705692160)	<0.0001	 	 3 (1.8%)		2.74 (0.46, 16.26)	0.27	 	 3 (1.8%)		1.63 (0.36, 7.3)	0.52	 	
