pro,class,site,wt,res
in,insti,66,T,AIK
in,insti,92,E,Q
in,insti,118,G,R
in,insti,138,E,K;A;T
in,insti,140,G,S;A;C;R
in,insti,143,Y,R;C;H
in,insti,147,S,G
in,insti,148,Q,H;R;K
in,insti,155,N,H
in,insti,263,R,K
rt,nrti,184,M,V;I
rt,nrti,65,K,R
rt,nrti,70,K,E;R
rt,nrti,74,L,V;I
rt,nrti,115,Y,F
rt,nrti,41,M,L
rt,nrti,67,D,N
rt,nrti,210,L,W
rt,nrti,215,T,F;Y
rt,nrti,219,K,Q;E
rt,nrti,69,T,Ins
rt,nrti,151,Q,M
rt,nnrti,100,L,I
rt,nnrti,101,K,E;P
rt,nnrti,103,K,N;S
rt,nnrti,106,V,A;M
rt,nnrti,138,E,A;G;K;Q
rt,nnrti,181,Y,C;I;V
rt,nnrti,188,Y,L
rt,nnrti,190,G,A;S;E
rt,nnrti,230,M,L
pro,pi,30,D,N
pro,pi,32,V,I
pro,pi,33,L,F
pro,pi,46,M,I;L
pro,pi,47,I,V;A
pro,pi,48,G,V;M
pro,pi,50,I,L;V
pro,pi,54,I,V;T;A;L;M
pro,pi,76,L,V
pro,pi,82,V,A;F;T;S
pro,pi,84,I,V
pro,pi,88,N,D;S
pro,pi,90,L,M
